{
  "project_info": {
    "project_number": "683541449384",
    "project_id": "lab-12---firebase",
    "storage_bucket": "lab-12---firebase.appspot.com"
  },
  "client": [
    {
      "client_info": {
        "mobilesdk_app_id": "1:683541449384:android:3597172711b68ff6d6509d",
        "android_client_info": {
          "package_name": "com.singhjawand.lab12_firebase"
        }
      },
      "oauth_client": [
        {
          "client_id": "683541449384-je1810rmle0ln65c32ls72skmfrds67s.apps.googleusercontent.com",
          "client_type": 3
        }
      ],
      "api_key": [
        {
          "current_key": "AIzaSyDzb9Bq7fhKI3ARdDr-3hUqm11eW-aYzDc"
        }
      ],
      "services": {
        "appinvite_service": {
          "other_platform_oauth_client": [
            {
              "client_id": "683541449384-je1810rmle0ln65c32ls72skmfrds67s.apps.googleusercontent.com",
              "client_type": 3
            }
          ]
        }
      }
    }
  ],
  "configuration_version": "1"
}